Student_ID,Student_Name,Class,Math,Physics,Chemistry,English,Attendance
STU0001,Sneha,I BSc Maths,38,70,66,63,68
STU0002,Nandhini,I BSc Maths,46,89,39,38,65
STU0003,Vignesh,II BSc Maths,99,38,60,88,74
STU0004,Nisha,II BSc CS,70,35,55,89,81
STU0005,Praveen,II BSc Maths,62,78,48,46,84
STU0006,Priya,III BSc Maths,79,68,40,93,94
STU0007,Priya,I BSc CS,45,72,81,59,64
STU0008,Hari,II BSc Maths,72,45,64,47,84
STU0009,Praveen,I BSc CS,81,55,82,80,73
STU0010,Aishwarya,III BSc Maths,44,56,66,55,89
STU0011,Rahul,III BSc Maths,63,76,42,64,62
STU0012,Ramesh,III BSc Maths,86,69,43,62,96
STU0013,Swathi,III BSc Maths,62,98,85,93,69
STU0014,Praveen,II BSc Maths,66,68,89,86,83
STU0015,Harish,II BSc Maths,100,98,46,41,67
STU0016,Subha,II BSc Maths,89,43,84,83,98
STU0017,Nisha,II BSc CS,67,36,49,69,81
STU0018,Priya,III BSc Maths,90,55,93,35,76
STU0019,Keerthana,II BSc Maths,99,48,73,99,98
STU0020,Vignesh,II BSc Maths,82,55,35,76,91
STU0021,Arun,I BSc Maths,81,74,65,42,75
STU0022,Swathi,II BSc CS,45,45,97,43,94
STU0023,Dinesh,II BSc Maths,51,95,56,68,93
STU0024,Deepa,II BSc CS,89,62,60,74,85
STU0025,Aishwarya,III BSc Maths,91,92,50,66,74
STU0026,Sanjay,III BSc Maths,37,64,63,35,64
STU0027,Kavin,I BSc Maths,64,43,39,77,64
STU0028,Keerthana,II BSc Maths,70,97,62,51,96
STU0029,Meena,I BSc CS,66,95,87,59,66
STU0030,Priya,I BSc CS,80,89,87,94,63
STU0031,Aishwarya,I BSc Maths,42,86,78,48,75
STU0032,Vignesh,II BSc Maths,92,52,89,58,77
STU0033,Nisha,II BSc Maths,44,91,47,41,94
STU0034,Sathish,I BSc Maths,46,65,56,87,91
STU0035,Anitha,II BSc Maths,86,42,56,83,60
STU0036,Rahul,III BSc Maths,93,71,89,97,69
STU0037,Vignesh,III BSc Maths,62,42,42,75,63
STU0038,Hari,II BSc CS,96,99,55,42,92
STU0039,Sanjay,II BSc Maths,43,43,65,86,67
STU0040,Swathi,II BSc CS,66,40,45,88,97
STU0041,Meena,II BSc CS,75,68,61,75,75
STU0042,Praveen,I BSc CS,51,73,93,75,64
STU0043,Arun,I BSc CS,47,44,62,99,76
STU0044,Subha,III BSc Maths,43,66,82,71,70
STU0045,Nisha,II BSc CS,73,36,73,48,68
STU0046,Praveen,I BSc Maths,48,54,69,71,98
STU0047,Vignesh,III BSc Maths,61,68,99,97,76
STU0048,Swathi,I BSc Maths,46,89,70,40,60
STU0049,Ajith,II BSc Maths,68,55,91,89,95
STU0050,Arun,I BSc Maths,44,54,39,82,97
STU0051,Lavanya,II BSc Maths,90,51,40,74,83
STU0052,Swathi,I BSc Maths,80,61,66,48,82
STU0053,Dinesh,II BSc CS,87,54,65,55,71
STU0054,Swathi,I BSc CS,38,57,77,87,75
STU0055,Praveen,II BSc Maths,48,83,39,95,74
STU0056,Vignesh,I BSc CS,79,74,64,63,61
STU0057,Aishwarya,II BSc Maths,86,77,70,43,77
STU0058,Vijay,II BSc CS,86,77,38,49,76
STU0059,Karthik,II BSc CS,68,39,48,90,82
STU0060,Nandhini,III BSc Maths,90,100,49,84,96
STU0061,Vignesh,III BSc Maths,40,90,35,60,83
STU0062,Divya,I BSc Maths,77,75,50,73,92
STU0063,Surya,I BSc CS,76,86,72,51,72
STU0064,Divya,I BSc CS,57,73,86,35,79
STU0065,Surya,II BSc Maths,90,76,94,91,88
STU0066,Aishwarya,II BSc Maths,100,95,56,45,78
STU0067,Keerthana,II BSc CS,77,46,65,74,74
STU0068,Ramesh,II BSc Maths,53,38,40,66,90
STU0069,Kavya,I BSc Maths,93,88,59,84,91
STU0070,Rahul,II BSc Maths,53,35,48,89,74
STU0071,Karthik,II BSc CS,94,41,66,50,89
STU0072,Subha,I BSc CS,75,91,99,89,95
STU0073,Nisha,II BSc Maths,95,92,68,66,100
STU0074,Praveen,II BSc CS,97,65,70,91,64
STU0075,Kavin,III BSc Maths,65,69,77,75,94
STU0076,Sanjay,II BSc Maths,54,64,84,54,73
STU0077,Sanjay,I BSc CS,87,77,94,88,63
STU0078,Vignesh,I BSc CS,84,37,83,96,60
STU0079,Vijay,III BSc Maths,84,88,63,97,74
STU0080,Praveen,I BSc CS,97,38,84,78,85
STU0081,Nandhini,II BSc Maths,94,51,38,85,97
STU0082,Meena,I BSc Maths,45,89,52,94,71
STU0083,Hari,III BSc Maths,83,76,62,93,80
STU0084,Ajith,I BSc CS,70,88,67,45,90
STU0085,Arun,II BSc CS,41,79,63,43,62
STU0086,Dinesh,I BSc Maths,66,60,37,54,75
STU0087,Subha,I BSc CS,49,62,94,67,83
STU0088,Karthik,II BSc CS,49,55,74,48,97
STU0089,Arun,III BSc Maths,83,85,60,44,97
STU0090,Kavin,II BSc Maths,48,73,50,40,82
STU0091,Lavanya,I BSc CS,82,43,99,78,60
STU0092,Deepa,I BSc CS,97,48,90,81,100
STU0093,Swathi,I BSc CS,54,90,57,69,99
STU0094,Ramesh,II BSc CS,96,94,90,69,80
STU0095,Deepa,II BSc Maths,46,70,92,66,89
STU0096,Meena,II BSc CS,83,78,38,98,80
STU0097,Karthik,I BSc CS,62,80,68,78,77
STU0098,Swathi,II BSc CS,70,36,59,45,75
STU0099,Nandhini,I BSc CS,97,65,95,97,88
STU0100,Ramesh,I BSc Maths,46,72,63,86,75
STU0101,Surya,II BSc CS,82,95,79,89,95
STU0102,Ajith,III BSc Maths,93,69,74,67,74
STU0103,Priya,II BSc Maths,75,50,58,59,73
STU0104,Nandhini,I BSc CS,70,71,47,59,78
STU0105,Harish,III BSc Maths,57,73,36,51,77
STU0106,Hari,I BSc Maths,72,51,97,48,60
STU0107,Meena,III BSc Maths,95,96,91,78,71
STU0108,Hari,III BSc Maths,96,49,43,86,91
STU0109,Sanjay,II BSc CS,41,54,54,73,65
STU0110,Harish,I BSc Maths,88,63,83,92,88
STU0111,Surya,II BSc CS,89,74,42,47,73
STU0112,Sneha,II BSc Maths,68,45,55,65,71
STU0113,Lavanya,I BSc Maths,55,35,87,92,98
STU0114,Anitha,III BSc Maths,39,64,71,71,89
STU0115,Sanjay,II BSc Maths,68,60,89,49,94
STU0116,Harish,II BSc Maths,69,53,44,42,70
STU0117,Ramesh,III BSc Maths,71,91,50,94,79
STU0118,Kavin,I BSc CS,69,99,98,91,65
STU0119,Kavya,I BSc Maths,90,76,67,38,65
STU0120,Harish,II BSc CS,37,69,40,57,90
STU0121,Keerthana,I BSc CS,70,58,90,97,65
STU0122,Anitha,III BSc Maths,87,77,76,48,70
STU0123,Ajith,I BSc CS,98,71,86,39,89
STU0124,Sanjay,III BSc Maths,67,76,49,86,92
STU0125,Sathish,I BSc Maths,94,87,41,59,93
STU0126,Vijay,II BSc CS,98,91,41,61,77
STU0127,Lavanya,II BSc Maths,71,91,97,50,61
STU0128,Sneha,II BSc CS,65,55,74,36,95
STU0129,Divya,I BSc Maths,63,49,94,50,69
STU0130,Anitha,III BSc Maths,100,69,88,96,90
STU0131,Harish,I BSc CS,53,84,59,100,68
STU0132,Deepa,I BSc Maths,70,88,78,99,77
STU0133,Sathish,I BSc Maths,71,73,97,54,88
STU0134,Lavanya,I BSc CS,79,77,83,93,80
STU0135,Deepa,II BSc Maths,65,84,64,87,62
STU0136,Ajith,I BSc CS,83,84,54,98,62
STU0137,Subha,II BSc CS,77,47,91,47,93
STU0138,Mohan,I BSc CS,36,53,87,54,64
STU0139,Anitha,III BSc Maths,78,85,45,77,94
STU0140,Rahul,III BSc Maths,97,39,43,65,100
STU0141,Aishwarya,III BSc Maths,64,46,90,47,100
STU0142,Kavin,I BSc Maths,91,56,73,38,62
STU0143,Ajith,I BSc Maths,72,80,82,90,69
STU0144,Harish,II BSc CS,87,58,56,57,65
STU0145,Kavya,I BSc CS,65,98,53,64,89
STU0146,Sneha,III BSc Maths,93,67,36,94,78
STU0147,Aishwarya,II BSc CS,55,44,91,79,97
STU0148,Surya,I BSc CS,67,93,73,60,84
STU0149,Deepa,I BSc CS,48,65,83,80,96
STU0150,Surya,III BSc Maths,37,85,70,36,96
STU0151,Deepa,I BSc Maths,98,71,64,80,74
STU0152,Sneha,II BSc Maths,67,52,47,40,79
STU0153,Ramesh,I BSc CS,39,81,51,46,78
STU0154,Ajith,I BSc CS,57,60,51,81,93
STU0155,Keerthana,III BSc Maths,56,67,96,72,81
STU0156,Ramesh,I BSc Maths,94,44,53,63,85
STU0157,Deepa,II BSc CS,81,46,85,36,76
STU0158,Lavanya,I BSc Maths,93,82,68,83,100
STU0159,Vijay,I BSc Maths,64,95,38,76,99
STU0160,Harish,I BSc Maths,94,73,87,49,68
STU0161,Hari,I BSc Maths,73,98,49,47,75
STU0162,Swathi,II BSc CS,52,84,93,82,94
STU0163,Divya,II BSc CS,54,88,47,97,99
STU0164,Divya,III BSc Maths,39,82,62,91,88
STU0165,Harish,III BSc Maths,47,82,80,42,85
STU0166,Praveen,II BSc Maths,50,93,46,62,100
STU0167,Kavya,I BSc Maths,41,77,66,51,96
STU0168,Vignesh,I BSc Maths,61,62,64,77,69
STU0169,Ramesh,II BSc CS,35,70,53,51,94
STU0170,Praveen,II BSc Maths,49,38,51,36,82
STU0171,Ramesh,II BSc Maths,76,37,57,68,63
STU0172,Subha,I BSc CS,49,43,95,92,83
STU0173,Keerthana,II BSc CS,48,92,99,63,99
STU0174,Hari,II BSc CS,73,93,38,42,90
STU0175,Deepa,I BSc CS,89,48,97,91,64
STU0176,Swathi,I BSc Maths,76,53,43,51,77
STU0177,Kavya,II BSc CS,76,83,72,93,92
STU0178,Kavya,I BSc CS,47,49,62,90,88
STU0179,Swathi,II BSc Maths,87,78,93,86,86
STU0180,Nandhini,I BSc Maths,75,89,75,67,83
STU0181,Subha,I BSc CS,43,46,45,46,87
STU0182,Priya,III BSc Maths,51,42,77,50,86
STU0183,Vijay,I BSc CS,41,71,74,80,66
STU0184,Meena,II BSc CS,62,54,96,63,66
STU0185,Vijay,II BSc CS,82,49,70,63,87
STU0186,Deepa,II BSc CS,38,69,38,58,77
STU0187,Kavin,III BSc Maths,78,79,35,58,69
STU0188,Meena,I BSc CS,43,53,38,46,93
STU0189,Vignesh,I BSc CS,88,93,78,55,83
STU0190,Surya,III BSc Maths,45,41,54,55,99
STU0191,Hari,I BSc Maths,69,91,89,97,98
STU0192,Nisha,I BSc CS,69,62,100,49,82
STU0193,Divya,I BSc Maths,71,97,74,40,74
STU0194,Rahul,II BSc CS,42,35,61,73,73
STU0195,Dinesh,II BSc Maths,67,72,76,50,60
STU0196,Anitha,I BSc CS,57,51,83,64,92
STU0197,Lavanya,III BSc Maths,44,85,40,90,61
STU0198,Nisha,I BSc Maths,75,89,86,88,78
STU0199,Priya,I BSc CS,37,76,56,93,83
STU0200,Sanjay,I BSc CS,48,66,90,86,93
STU0201,Sanjay,I BSc CS,74,78,63,77,70
STU0202,Sanjay,II BSc CS,49,100,59,79,82
STU0203,Nandhini,II BSc Maths,65,48,53,67,72
STU0204,Karthik,II BSc CS,54,44,57,98,89
STU0205,Dinesh,II BSc CS,92,76,75,54,88
STU0206,Sanjay,I BSc CS,91,73,70,42,82
STU0207,Keerthana,I BSc Maths,74,94,92,39,63
STU0208,Vijay,III BSc Maths,44,46,99,84,89
STU0209,Meena,II BSc CS,40,92,59,76,98
STU0210,Anitha,II BSc CS,54,42,92,48,81
STU0211,Kavin,I BSc Maths,99,57,40,66,88
STU0212,Nisha,II BSc CS,55,81,82,71,84
STU0213,Divya,III BSc Maths,41,77,43,77,66
STU0214,Lavanya,I BSc CS,71,67,54,77,65
STU0215,Meena,II BSc Maths,79,74,85,51,98
STU0216,Kavin,I BSc Maths,74,83,77,51,93
STU0217,Sanjay,I BSc CS,100,81,37,81,79
STU0218,Karthik,II BSc Maths,78,97,59,63,68
STU0219,Subha,I BSc Maths,72,47,99,39,81
STU0220,Swathi,II BSc CS,51,83,54,55,71
STU0221,Sathish,II BSc CS,56,91,40,87,83
STU0222,Aishwarya,II BSc Maths,91,71,92,64,94
STU0223,Harish,III BSc Maths,95,59,82,91,89
STU0224,Dinesh,III BSc Maths,83,99,88,55,72
STU0225,Ramesh,II BSc CS,52,67,41,96,83
STU0226,Lavanya,I BSc Maths,50,71,45,55,77
STU0227,Nisha,II BSc CS,53,90,46,63,88
STU0228,Swathi,III BSc Maths,38,88,41,85,92
STU0229,Vijay,II BSc Maths,84,45,82,63,61
STU0230,Ajith,I BSc Maths,77,53,52,39,78
STU0231,Mohan,I BSc CS,52,95,92,35,65
STU0232,Arun,III BSc Maths,62,54,89,49,78
STU0233,Harish,III BSc Maths,50,41,65,88,100
STU0234,Ramesh,II BSc CS,93,43,49,98,98
STU0235,Lavanya,I BSc Maths,100,65,53,72,87
STU0236,Arun,II BSc CS,80,65,88,58,65
STU0237,Keerthana,III BSc Maths,43,99,99,37,84
STU0238,Deepa,I BSc CS,40,84,82,67,61
STU0239,Vijay,I BSc Maths,79,65,48,77,68
STU0240,Hari,III BSc Maths,78,57,94,96,100
STU0241,Karthik,II BSc Maths,43,93,39,72,72
STU0242,Hari,II BSc Maths,40,75,74,100,85
STU0243,Sathish,II BSc CS,95,67,39,59,78
STU0244,Vijay,I BSc Maths,77,69,50,82,87
STU0245,Swathi,I BSc CS,91,84,78,58,91
STU0246,Kavin,I BSc CS,82,69,45,89,65
STU0247,Divya,II BSc CS,58,72,76,48,65
STU0248,Ajith,III BSc Maths,74,92,89,56,88
STU0249,Vijay,I BSc CS,40,80,90,70,100
STU0250,Ramesh,I BSc Maths,44,86,81,100,70
STU0251,Arun,II BSc Maths,91,39,51,43,75
STU0252,Dinesh,III BSc Maths,81,84,39,54,88
STU0253,Vijay,III BSc Maths,91,44,52,81,85
STU0254,Ajith,III BSc Maths,66,49,38,58,91
STU0255,Keerthana,I BSc CS,50,68,68,92,73
STU0256,Kavya,III BSc Maths,97,60,50,52,64
STU0257,Nisha,II BSc Maths,91,46,75,79,64
STU0258,Lavanya,II BSc CS,72,73,55,57,83
STU0259,Keerthana,II BSc Maths,50,60,52,65,91
STU0260,Arun,III BSc Maths,82,94,51,46,64
STU0261,Surya,I BSc CS,96,87,87,44,68
STU0262,Ajith,I BSc Maths,92,94,79,51,95
STU0263,Sneha,II BSc CS,58,51,90,99,63
STU0264,Sathish,I BSc Maths,54,73,56,55,80
STU0265,Mohan,II BSc Maths,79,71,45,67,72
STU0266,Sneha,II BSc CS,70,51,73,46,92
STU0267,Sneha,II BSc Maths,54,56,78,40,61
STU0268,Sanjay,I BSc Maths,68,61,88,38,91
STU0269,Swathi,II BSc CS,72,73,96,66,85
STU0270,Surya,I BSc CS,44,42,55,91,86
STU0271,Anitha,I BSc CS,61,78,53,75,80
STU0272,Nandhini,III BSc Maths,86,51,82,100,95
STU0273,Priya,III BSc Maths,65,94,50,69,88
STU0274,Harish,II BSc Maths,47,41,72,84,99
STU0275,Divya,II BSc Maths,55,76,75,59,70
STU0276,Anitha,II BSc CS,94,98,74,98,61
STU0277,Sanjay,I BSc CS,99,93,65,62,97
STU0278,Vijay,I BSc Maths,41,71,98,95,78
STU0279,Lavanya,I BSc Maths,48,90,52,68,83
STU0280,Dinesh,I BSc CS,81,40,86,41,96
STU0281,Lavanya,II BSc Maths,81,71,44,84,92
STU0282,Nisha,II BSc CS,70,50,51,47,85
STU0283,Vijay,III BSc Maths,81,53,60,100,85
STU0284,Keerthana,I BSc Maths,40,39,52,77,90
STU0285,Keerthana,I BSc CS,54,100,52,76,99
STU0286,Ajith,II BSc Maths,85,73,78,99,92
STU0287,Lavanya,I BSc CS,73,95,37,82,81
STU0288,Aishwarya,I BSc Maths,88,74,38,95,76
STU0289,Sneha,II BSc CS,64,41,96,56,93
STU0290,Sneha,II BSc CS,83,53,66,39,96
STU0291,Kavin,I BSc Maths,59,37,91,75,86
STU0292,Subha,I BSc CS,61,87,99,95,63
STU0293,Kavin,II BSc Maths,61,76,96,83,80
STU0294,Karthik,I BSc CS,78,80,68,96,72
STU0295,Harish,III BSc Maths,73,63,73,71,73
STU0296,Kavin,I BSc CS,75,96,79,70,78
STU0297,Priya,II BSc CS,83,85,79,53,78
STU0298,Hari,III BSc Maths,45,79,91,67,90
STU0299,Vignesh,II BSc Maths,69,69,52,48,99
STU0300,Nandhini,II BSc CS,65,66,41,63,100
STU0301,Harish,I BSc Maths,47,87,77,95,66
STU0302,Aishwarya,II BSc Maths,35,55,87,95,90
STU0303,Sneha,II BSc Maths,71,76,71,42,65
STU0304,Sneha,II BSc CS,64,39,57,88,71
STU0305,Mohan,I BSc Maths,85,98,58,72,62
STU0306,Arun,III BSc Maths,48,77,71,93,94
STU0307,Keerthana,I BSc CS,52,99,94,69,72
STU0308,Ramesh,I BSc Maths,77,55,93,67,71
STU0309,Arun,III BSc Maths,72,59,57,86,87
STU0310,Keerthana,III BSc Maths,46,86,47,58,68
STU0311,Anitha,III BSc Maths,66,35,68,84,75
STU0312,Nisha,III BSc Maths,77,73,36,68,83
STU0313,Kavin,II BSc Maths,42,50,94,74,70
STU0314,Rahul,II BSc CS,74,50,72,82,99
STU0315,Harish,II BSc Maths,52,96,54,93,98
STU0316,Vijay,I BSc CS,95,62,66,45,93
STU0317,Nisha,II BSc CS,81,44,49,42,95
STU0318,Swathi,II BSc CS,60,54,56,76,93
STU0319,Nisha,I BSc Maths,61,97,46,100,88
STU0320,Ramesh,I BSc Maths,93,51,100,88,89
STU0321,Meena,I BSc Maths,94,74,37,85,76
STU0322,Sathish,I BSc Maths,62,44,40,89,82
STU0323,Kavin,I BSc Maths,42,43,95,39,78
STU0324,Divya,II BSc Maths,52,88,82,83,88
STU0325,Deepa,I BSc CS,83,45,52,79,67
STU0326,Karthik,II BSc CS,85,51,63,35,61
STU0327,Surya,I BSc CS,89,83,64,66,89
STU0328,Vijay,II BSc Maths,70,59,49,39,86
STU0329,Kavya,I BSc Maths,65,61,43,47,98
STU0330,Hari,I BSc CS,41,66,40,86,88
STU0331,Harish,II BSc CS,62,42,52,99,78
STU0332,Harish,II BSc CS,75,76,65,73,69
STU0333,Aishwarya,II BSc CS,63,87,73,70,63
STU0334,Lavanya,II BSc CS,57,89,98,41,82
STU0335,Sneha,I BSc CS,75,88,87,54,79
STU0336,Rahul,II BSc Maths,95,65,63,73,69
STU0337,Ramesh,I BSc CS,42,87,88,52,84
STU0338,Harish,III BSc Maths,61,77,45,92,83
STU0339,Sanjay,II BSc CS,59,41,69,83,98
STU0340,Kavya,I BSc Maths,44,59,62,96,73
STU0341,Deepa,III BSc Maths,73,36,62,59,67
STU0342,Nandhini,I BSc CS,66,61,85,65,95
STU0343,Ajith,III BSc Maths,83,94,80,74,76
STU0344,Vijay,II BSc CS,98,94,47,95,80
STU0345,Mohan,II BSc Maths,82,75,87,40,96
STU0346,Deepa,II BSc Maths,53,37,68,88,78
STU0347,Subha,II BSc Maths,77,64,83,66,91
STU0348,Lavanya,III BSc Maths,67,97,97,93,70
STU0349,Nandhini,III BSc Maths,56,52,97,58,94
STU0350,Sneha,I BSc Maths,39,44,41,35,86
STU0351,Subha,II BSc Maths,43,54,36,62,92
STU0352,Nisha,III BSc Maths,42,96,97,37,60
STU0353,Lavanya,II BSc CS,87,36,37,70,94
STU0354,Surya,I BSc Maths,99,90,57,48,66
STU0355,Keerthana,II BSc Maths,65,59,67,80,77
STU0356,Ramesh,I BSc CS,45,82,86,93,96
STU0357,Harish,II BSc Maths,73,45,39,46,85
STU0358,Rahul,I BSc CS,95,42,36,56,65
STU0359,Anitha,I BSc CS,77,47,40,64,73
STU0360,Swathi,II BSc CS,95,69,40,44,77
STU0361,Swathi,II BSc CS,39,57,75,37,73
STU0362,Meena,II BSc Maths,85,44,73,55,96
STU0363,Harish,II BSc CS,84,77,84,52,65
STU0364,Keerthana,III BSc Maths,41,47,90,64,64
STU0365,Ajith,II BSc CS,85,76,38,69,88
STU0366,Anitha,II BSc Maths,80,83,90,58,97
STU0367,Aishwarya,I BSc CS,45,72,66,44,65
STU0368,Praveen,II BSc Maths,83,54,84,75,83
STU0369,Priya,I BSc Maths,35,74,91,81,77
STU0370,Priya,II BSc Maths,46,58,90,92,95
STU0371,Lavanya,II BSc CS,87,48,38,46,82
STU0372,Lavanya,I BSc Maths,76,84,36,72,86
STU0373,Rahul,I BSc Maths,66,56,83,56,68
STU0374,Praveen,III BSc Maths,69,98,53,43,70
STU0375,Divya,III BSc Maths,88,73,96,44,83
STU0376,Praveen,II BSc Maths,98,60,93,48,68
STU0377,Surya,I BSc Maths,85,77,83,77,88
STU0378,Ajith,I BSc CS,52,73,76,60,90
STU0379,Ajith,II BSc Maths,85,75,72,97,96
STU0380,Ramesh,II BSc Maths,76,83,70,85,83
STU0381,Priya,II BSc CS,60,58,38,94,73
STU0382,Nisha,III BSc Maths,43,87,98,52,100
STU0383,Surya,II BSc Maths,67,54,89,83,64
STU0384,Nisha,II BSc CS,96,86,99,88,94
STU0385,Hari,III BSc Maths,45,48,66,80,70
STU0386,Sneha,II BSc CS,40,86,77,90,66
STU0387,Arun,I BSc Maths,68,63,100,63,88
STU0388,Vijay,I BSc CS,94,99,54,79,61
STU0389,Anitha,I BSc Maths,72,88,45,49,69
STU0390,Vijay,III BSc Maths,78,93,61,96,82
STU0391,Anitha,I BSc Maths,91,92,75,43,79
STU0392,Hari,I BSc Maths,37,78,48,56,75
STU0393,Keerthana,II BSc Maths,55,77,89,94,74
STU0394,Ramesh,I BSc CS,58,58,90,85,61
STU0395,Nandhini,II BSc CS,60,92,89,84,60
STU0396,Kavin,II BSc Maths,61,70,43,48,94
STU0397,Karthik,III BSc Maths,76,60,93,49,76
STU0398,Aishwarya,I BSc CS,75,84,85,49,82
STU0399,Vijay,I BSc CS,57,73,45,52,80
STU0400,Priya,II BSc Maths,74,49,58,82,69
STU0401,Keerthana,I BSc CS,88,52,84,89,71
STU0402,Anitha,II BSc CS,57,56,97,71,68
STU0403,Karthik,III BSc Maths,92,41,80,36,91
STU0404,Subha,II BSc Maths,84,99,98,87,91
STU0405,Divya,I BSc CS,97,56,45,38,74
STU0406,Surya,I BSc Maths,70,63,71,56,89
STU0407,Meena,I BSc CS,100,49,49,69,94
STU0408,Sathish,III BSc Maths,40,91,62,89,66
STU0409,Nandhini,II BSc Maths,73,39,92,68,82
STU0410,Deepa,I BSc Maths,91,50,65,61,97
STU0411,Kavin,III BSc Maths,89,56,52,61,73
STU0412,Ramesh,I BSc Maths,79,70,56,76,78
STU0413,Surya,II BSc CS,69,100,47,52,86
STU0414,Mohan,I BSc Maths,70,51,51,66,69
STU0415,Kavin,III BSc Maths,66,85,97,53,96
STU0416,Sneha,III BSc Maths,88,83,92,44,100
STU0417,Ramesh,I BSc Maths,86,100,70,82,89
STU0418,Anitha,III BSc Maths,35,46,93,80,64
STU0419,Ramesh,II BSc CS,85,62,89,62,91
STU0420,Praveen,III BSc Maths,71,78,51,97,81
STU0421,Swathi,I BSc Maths,40,47,93,37,67
STU0422,Mohan,II BSc Maths,91,93,35,89,72
STU0423,Kavin,II BSc Maths,73,55,70,46,83
STU0424,Praveen,I BSc Maths,82,56,41,85,100
STU0425,Surya,II BSc Maths,89,46,47,35,73
STU0426,Anitha,I BSc Maths,51,63,91,36,60
STU0427,Kavin,III BSc Maths,50,89,51,96,64
STU0428,Harish,I BSc CS,46,48,48,75,83
STU0429,Swathi,III BSc Maths,52,83,52,53,64
STU0430,Keerthana,II BSc CS,36,56,91,79,73
STU0431,Sneha,II BSc Maths,87,91,62,46,66
STU0432,Subha,I BSc Maths,84,79,89,75,68
STU0433,Harish,III BSc Maths,45,66,71,38,79
STU0434,Vignesh,II BSc CS,100,59,85,72,63
STU0435,Ramesh,II BSc Maths,98,84,49,65,91
STU0436,Sneha,II BSc CS,44,36,81,75,68
STU0437,Rahul,II BSc CS,88,81,57,95,64
STU0438,Arun,II BSc CS,43,36,68,62,62
STU0439,Mohan,I BSc Maths,85,99,71,99,86
STU0440,Divya,I BSc CS,45,54,70,45,79
STU0441,Sanjay,II BSc CS,61,54,76,85,97
STU0442,Sneha,I BSc Maths,74,90,65,42,75
STU0443,Sanjay,I BSc CS,49,93,42,74,71
STU0444,Priya,I BSc Maths,52,36,55,98,82
STU0445,Keerthana,II BSc CS,68,56,82,51,77
STU0446,Nandhini,I BSc Maths,38,77,89,69,93
STU0447,Sanjay,III BSc Maths,44,98,93,100,83
STU0448,Hari,I BSc CS,56,82,55,67,66
STU0449,Swathi,II BSc CS,49,64,100,35,62
STU0450,Deepa,I BSc Maths,66,40,95,81,84
STU0451,Mohan,II BSc Maths,57,39,88,63,80
STU0452,Harish,I BSc CS,75,69,44,82,67
STU0453,Keerthana,I BSc Maths,57,63,40,86,64
STU0454,Swathi,I BSc CS,71,74,76,46,95
STU0455,Nisha,I BSc Maths,82,60,72,73,99
STU0456,Harish,I BSc CS,82,98,60,66,69
STU0457,Arun,I BSc CS,38,64,79,36,81
STU0458,Arun,I BSc CS,74,48,61,65,86
STU0459,Anitha,I BSc Maths,53,70,46,40,74
STU0460,Swathi,II BSc CS,87,82,93,45,97
STU0461,Priya,II BSc CS,52,85,44,42,87
STU0462,Aishwarya,II BSc Maths,65,72,68,75,85
STU0463,Kavin,III BSc Maths,75,92,69,64,64
STU0464,Vignesh,II BSc Maths,48,54,48,56,88
STU0465,Nisha,III BSc Maths,87,50,80,61,88
STU0466,Surya,I BSc CS,68,50,46,55,79
STU0467,Sathish,II BSc CS,40,62,76,53,65
STU0468,Kavin,II BSc Maths,80,85,100,41,79
STU0469,Praveen,II BSc Maths,38,86,92,66,66
STU0470,Nisha,I BSc Maths,52,50,36,42,74
STU0471,Subha,II BSc Maths,86,82,45,68,64
STU0472,Arun,I BSc Maths,60,91,51,46,81
STU0473,Priya,I BSc Maths,94,41,56,90,85
STU0474,Anitha,I BSc Maths,83,89,57,80,73
STU0475,Mohan,II BSc Maths,70,70,92,54,62
STU0476,Kavya,II BSc CS,66,72,98,87,95
STU0477,Anitha,I BSc Maths,46,70,84,52,86
STU0478,Vignesh,II BSc CS,66,37,83,80,90
STU0479,Lavanya,I BSc CS,79,99,76,84,77
STU0480,Karthik,I BSc Maths,75,63,38,70,63
STU0481,Ramesh,I BSc CS,80,64,55,47,75
STU0482,Aishwarya,II BSc Maths,69,42,63,84,82
STU0483,Mohan,II BSc Maths,57,65,75,80,97
STU0484,Arun,III BSc Maths,53,59,98,74,71
STU0485,Anitha,I BSc Maths,46,42,64,63,61
STU0486,Keerthana,I BSc CS,35,77,60,51,81
STU0487,Kavin,II BSc Maths,76,42,37,53,97
STU0488,Kavin,II BSc Maths,49,81,44,82,85
STU0489,Meena,I BSc Maths,78,73,76,52,70
STU0490,Nandhini,I BSc CS,97,75,57,80,74
STU0491,Aishwarya,II BSc CS,57,83,74,72,68
STU0492,Karthik,I BSc Maths,85,39,58,75,99
STU0493,Harish,II BSc CS,48,98,53,77,64
STU0494,Harish,III BSc Maths,75,56,46,77,88
STU0495,Arun,III BSc Maths,61,66,43,79,76
STU0496,Ramesh,I BSc Maths,35,41,84,91,86
STU0497,Karthik,I BSc CS,98,83,79,83,66
STU0498,Sathish,I BSc CS,63,55,92,44,62
STU0499,Surya,I BSc Maths,75,68,48,44,81
STU0500,Karthik,I BSc CS,55,44,46,78,98
STU0501,Kavya,I BSc CS,38,90,56,90,70
STU0502,Hari,I BSc Maths,77,61,59,87,95
STU0503,Nandhini,II BSc CS,68,71,73,65,66
STU0504,Hari,I BSc CS,97,54,41,81,60
STU0505,Divya,I BSc Maths,72,96,60,47,61
STU0506,Vignesh,II BSc Maths,72,45,95,49,79
STU0507,Ramesh,I BSc CS,95,97,68,46,94
STU0508,Rahul,II BSc Maths,82,83,82,58,88
STU0509,Hari,III BSc Maths,91,94,68,63,77
STU0510,Meena,I BSc Maths,54,47,45,79,94
STU0511,Divya,II BSc CS,64,42,84,88,94
STU0512,Aishwarya,I BSc CS,65,95,73,45,85
STU0513,Swathi,I BSc Maths,99,53,50,92,71
STU0514,Karthik,II BSc Maths,59,51,40,89,65
STU0515,Aishwarya,I BSc CS,60,53,68,75,64
STU0516,Sanjay,I BSc CS,85,76,70,93,60
STU0517,Ramesh,II BSc CS,88,49,88,54,69
STU0518,Meena,II BSc CS,47,48,47,71,94
STU0519,Swathi,III BSc Maths,87,68,84,97,96
STU0520,Kavya,I BSc CS,39,57,70,86,69
STU0521,Kavya,II BSc CS,86,39,85,77,75
STU0522,Hari,I BSc CS,69,82,37,78,79
STU0523,Surya,III BSc Maths,97,47,64,52,79
STU0524,Nandhini,I BSc CS,76,69,88,46,72
STU0525,Nisha,II BSc Maths,87,97,82,42,92
STU0526,Ramesh,II BSc Maths,43,74,99,86,68
STU0527,Dinesh,II BSc CS,38,57,59,60,63
STU0528,Harish,I BSc Maths,93,41,81,60,77
STU0529,Vijay,I BSc CS,99,85,50,38,75
STU0530,Vijay,I BSc CS,92,57,95,79,82
STU0531,Karthik,III BSc Maths,46,71,38,84,63
STU0532,Karthik,II BSc CS,62,63,63,61,77
STU0533,Sneha,I BSc CS,100,37,36,95,68
STU0534,Sneha,II BSc Maths,36,63,67,74,77
STU0535,Divya,I BSc CS,79,93,67,62,89
STU0536,Surya,II BSc CS,85,48,35,100,83
STU0537,Lavanya,II BSc CS,71,73,48,96,64
STU0538,Ajith,III BSc Maths,76,70,68,73,72
STU0539,Subha,II BSc CS,65,42,86,75,68
STU0540,Nandhini,I BSc Maths,98,72,68,88,85
STU0541,Rahul,I BSc Maths,59,78,63,95,82
STU0542,Keerthana,III BSc Maths,56,58,72,47,90
STU0543,Subha,III BSc Maths,58,77,46,63,82
STU0544,Harish,III BSc Maths,88,77,82,68,97
STU0545,Surya,I BSc CS,50,95,41,44,90
STU0546,Swathi,II BSc Maths,99,50,83,73,86
STU0547,Hari,II BSc Maths,52,60,78,87,96
STU0548,Swathi,I BSc CS,53,75,58,45,91
STU0549,Ajith,II BSc Maths,75,42,35,92,77
STU0550,Vignesh,II BSc Maths,55,97,46,51,99
STU0551,Divya,I BSc CS,86,89,96,84,60
STU0552,Hari,II BSc CS,60,82,36,76,93
STU0553,Vignesh,I BSc Maths,35,66,63,79,79
STU0554,Subha,I BSc Maths,84,99,74,56,64
STU0555,Sathish,I BSc Maths,73,72,93,78,87
STU0556,Swathi,II BSc Maths,78,97,80,59,70
STU0557,Mohan,I BSc CS,37,64,63,51,73
STU0558,Nandhini,I BSc Maths,99,56,50,81,62
STU0559,Rahul,III BSc Maths,41,41,48,37,63
STU0560,Kavin,I BSc Maths,88,91,83,50,95
STU0561,Praveen,I BSc CS,54,61,36,73,86
STU0562,Aishwarya,I BSc Maths,69,52,88,48,92
STU0563,Nandhini,II BSc CS,50,71,49,48,91
STU0564,Vignesh,II BSc CS,60,68,60,80,86
STU0565,Surya,II BSc Maths,40,98,61,96,81
STU0566,Harish,I BSc Maths,36,46,49,98,69
STU0567,Sanjay,II BSc CS,44,47,67,64,89
STU0568,Surya,III BSc Maths,94,41,47,57,62
STU0569,Deepa,III BSc Maths,81,75,89,49,66
STU0570,Deepa,I BSc Maths,36,52,56,77,82
STU0571,Swathi,I BSc CS,69,46,82,78,71
STU0572,Priya,I BSc CS,86,93,69,84,90
STU0573,Ramesh,I BSc CS,56,49,51,42,70
STU0574,Priya,I BSc CS,96,91,58,83,82
STU0575,Kavya,I BSc Maths,51,96,97,49,86
STU0576,Nisha,I BSc Maths,43,68,75,36,93
STU0577,Dinesh,II BSc CS,63,78,47,90,75
STU0578,Anitha,III BSc Maths,84,54,41,36,70
STU0579,Keerthana,I BSc CS,98,56,44,97,80
STU0580,Harish,III BSc Maths,70,41,99,63,95
STU0581,Sneha,I BSc CS,86,65,45,93,88
STU0582,Ramesh,II BSc CS,92,46,98,92,80
STU0583,Priya,I BSc CS,37,48,86,87,62
STU0584,Lavanya,II BSc CS,35,46,73,100,95
STU0585,Vignesh,I BSc CS,78,81,41,63,89
STU0586,Ajith,II BSc CS,95,81,92,49,66
STU0587,Dinesh,II BSc Maths,35,78,80,72,95
STU0588,Keerthana,III BSc Maths,48,40,56,98,68
STU0589,Sathish,I BSc CS,48,67,60,59,67
STU0590,Mohan,I BSc CS,62,93,59,78,66
STU0591,Dinesh,I BSc CS,40,50,92,93,97
STU0592,Keerthana,II BSc Maths,98,35,41,90,97
STU0593,Anitha,II BSc CS,57,57,51,48,84
STU0594,Aishwarya,II BSc CS,76,99,84,88,98
STU0595,Mohan,II BSc Maths,70,85,78,72,88
STU0596,Ramesh,II BSc Maths,52,87,100,73,95
STU0597,Deepa,III BSc Maths,62,60,61,72,82
STU0598,Mohan,II BSc Maths,57,99,76,49,82
STU0599,Lavanya,I BSc CS,88,71,89,36,93
STU0600,Priya,I BSc Maths,83,53,41,42,72
STU0601,Praveen,II BSc Maths,71,67,53,42,78
STU0602,Vignesh,II BSc CS,39,80,92,48,99
STU0603,Deepa,II BSc CS,63,84,65,100,78
STU0604,Kavin,I BSc Maths,83,84,88,75,95
STU0605,Hari,I BSc Maths,67,60,91,63,100
STU0606,Kavin,III BSc Maths,60,59,72,92,71
STU0607,Aishwarya,I BSc Maths,58,57,100,50,84
STU0608,Hari,I BSc CS,70,68,51,55,97
STU0609,Deepa,III BSc Maths,35,77,94,54,62
STU0610,Subha,III BSc Maths,41,73,97,80,64
STU0611,Ramesh,III BSc Maths,63,58,43,99,70
STU0612,Divya,II BSc CS,86,46,79,63,73
STU0613,Aishwarya,III BSc Maths,77,81,72,62,99
STU0614,Keerthana,I BSc CS,36,49,79,92,75
STU0615,Swathi,II BSc CS,66,40,76,83,67
STU0616,Rahul,III BSc Maths,71,38,82,100,92
STU0617,Nisha,I BSc CS,40,72,59,76,92
STU0618,Sanjay,I BSc Maths,56,35,43,61,100
STU0619,Dinesh,II BSc Maths,89,48,61,90,64
STU0620,Nandhini,II BSc Maths,38,93,77,39,65
STU0621,Sanjay,I BSc Maths,57,67,44,64,76
STU0622,Divya,I BSc CS,92,86,90,75,61
STU0623,Rahul,I BSc Maths,35,43,40,44,82
STU0624,Mohan,II BSc CS,48,72,73,46,78
STU0625,Dinesh,I BSc CS,83,85,38,95,70
STU0626,Lavanya,II BSc Maths,52,85,72,53,79
STU0627,Aishwarya,III BSc Maths,36,53,50,40,60
STU0628,Meena,II BSc CS,85,45,74,61,82
STU0629,Vignesh,I BSc CS,100,53,55,58,74
STU0630,Kavya,III BSc Maths,59,49,58,41,95
STU0631,Nisha,II BSc CS,44,72,43,67,66
STU0632,Vignesh,II BSc CS,97,77,80,51,75
STU0633,Priya,III BSc Maths,43,59,75,97,88
STU0634,Ajith,II BSc CS,74,54,81,75,87
STU0635,Karthik,I BSc Maths,75,66,63,90,77
STU0636,Sathish,III BSc Maths,52,77,96,94,88
STU0637,Vijay,III BSc Maths,97,48,57,45,77
STU0638,Deepa,II BSc Maths,60,68,44,44,61
STU0639,Deepa,II BSc CS,38,86,62,39,95
STU0640,Praveen,II BSc CS,95,54,81,85,74
STU0641,Swathi,II BSc CS,72,52,94,99,92
STU0642,Sanjay,I BSc CS,81,99,36,65,99
STU0643,Aishwarya,II BSc Maths,100,52,92,55,71
STU0644,Meena,II BSc CS,53,96,80,40,74
STU0645,Dinesh,I BSc CS,64,43,68,82,74
STU0646,Hari,II BSc Maths,81,84,95,93,62
STU0647,Hari,III BSc Maths,48,70,68,57,84
STU0648,Sneha,I BSc CS,81,44,67,83,74
STU0649,Keerthana,I BSc CS,80,79,97,96,98
STU0650,Arun,II BSc CS,52,91,56,64,64
STU0651,Keerthana,III BSc Maths,62,54,58,55,83
STU0652,Kavya,I BSc Maths,64,88,77,49,90
STU0653,Aishwarya,I BSc CS,96,61,55,87,61
STU0654,Harish,I BSc Maths,51,55,52,100,62
STU0655,Swathi,II BSc CS,53,42,56,68,71
STU0656,Keerthana,I BSc CS,37,71,45,62,88
STU0657,Kavya,I BSc CS,96,56,63,87,98
STU0658,Subha,II BSc CS,58,100,68,56,81
STU0659,Mohan,I BSc CS,43,64,83,84,68
STU0660,Priya,I BSc Maths,60,99,88,54,98
STU0661,Priya,II BSc Maths,95,39,99,50,65
STU0662,Anitha,II BSc Maths,35,90,88,82,62
STU0663,Kavin,II BSc CS,89,64,96,83,82
STU0664,Meena,II BSc CS,47,89,52,67,90
STU0665,Dinesh,II BSc Maths,45,71,87,67,72
STU0666,Arun,I BSc Maths,50,35,83,61,80
STU0667,Divya,III BSc Maths,48,54,89,67,76
STU0668,Deepa,II BSc CS,89,81,70,85,73
STU0669,Divya,II BSc CS,96,57,82,96,76
STU0670,Surya,II BSc CS,79,85,52,50,74
STU0671,Nisha,II BSc Maths,47,62,100,86,81
STU0672,Ramesh,II BSc CS,41,55,84,35,65
STU0673,Sathish,II BSc Maths,95,90,46,43,76
STU0674,Harish,III BSc Maths,45,39,84,86,99
STU0675,Sneha,II BSc CS,71,42,57,98,88
STU0676,Arun,II BSc Maths,71,59,39,100,93
STU0677,Kavin,II BSc Maths,56,39,81,65,60
STU0678,Karthik,I BSc Maths,70,86,80,85,85
STU0679,Meena,II BSc Maths,36,43,46,71,95
STU0680,Mohan,II BSc CS,79,79,70,63,98
STU0681,Vignesh,I BSc CS,86,35,68,57,86
STU0682,Keerthana,I BSc Maths,44,99,72,78,67
STU0683,Ramesh,II BSc CS,67,67,91,83,96
STU0684,Anitha,II BSc Maths,78,93,93,38,90
STU0685,Priya,III BSc Maths,43,83,63,64,80
STU0686,Divya,III BSc Maths,36,68,66,71,65
STU0687,Rahul,III BSc Maths,44,57,95,75,82
STU0688,Vignesh,II BSc CS,69,58,59,98,72
STU0689,Harish,II BSc Maths,68,61,64,60,75
STU0690,Sathish,II BSc CS,80,54,48,50,65
STU0691,Aishwarya,I BSc CS,35,40,96,82,99
STU0692,Ajith,I BSc CS,70,97,58,100,77
STU0693,Rahul,II BSc Maths,51,41,89,96,94
STU0694,Hari,II BSc CS,79,85,57,93,67
STU0695,Kavin,II BSc CS,93,75,36,36,73
STU0696,Rahul,II BSc CS,47,76,81,68,71
STU0697,Lavanya,III BSc Maths,65,69,95,78,83
STU0698,Karthik,I BSc CS,89,61,88,82,83
STU0699,Deepa,I BSc CS,70,92,58,51,96
STU0700,Aishwarya,II BSc Maths,47,69,65,90,84
STU0701,Vignesh,II BSc Maths,54,95,36,57,86
STU0702,Anitha,II BSc Maths,75,97,73,67,95
STU0703,Deepa,II BSc CS,41,85,47,55,63
STU0704,Vignesh,III BSc Maths,95,47,92,77,76
STU0705,Vijay,III BSc Maths,67,79,37,87,67
STU0706,Vijay,II BSc CS,60,57,71,80,80
STU0707,Aishwarya,II BSc CS,97,92,45,83,99
STU0708,Surya,I BSc CS,53,56,78,88,100
STU0709,Kavya,II BSc CS,86,44,45,55,81
STU0710,Harish,III BSc Maths,75,72,69,85,77
STU0711,Swathi,I BSc CS,81,92,87,56,71
STU0712,Deepa,I BSc Maths,51,65,67,45,73
STU0713,Karthik,I BSc CS,48,47,43,95,95
STU0714,Hari,I BSc Maths,85,45,48,68,99
STU0715,Subha,I BSc Maths,84,74,64,66,78
STU0716,Nisha,II BSc Maths,51,56,38,39,82
STU0717,Deepa,III BSc Maths,95,94,69,91,68
STU0718,Kavin,II BSc CS,57,93,90,74,82
STU0719,Anitha,II BSc CS,64,46,91,74,83
STU0720,Divya,III BSc Maths,54,73,36,35,93
STU0721,Sathish,II BSc Maths,79,71,95,36,91
STU0722,Dinesh,I BSc CS,73,36,90,72,98
STU0723,Harish,I BSc Maths,82,59,87,90,85
STU0724,Harish,II BSc Maths,84,83,63,68,65
STU0725,Divya,II BSc Maths,69,71,69,87,72
STU0726,Deepa,I BSc Maths,58,52,72,49,100
STU0727,Nisha,II BSc CS,92,69,97,59,80
STU0728,Arun,II BSc Maths,41,37,58,48,78
STU0729,Praveen,II BSc Maths,91,36,64,46,69
STU0730,Arun,I BSc CS,62,78,88,74,91
STU0731,Vijay,I BSc CS,39,77,45,53,63
STU0732,Praveen,I BSc CS,44,95,58,59,76
STU0733,Sathish,I BSc CS,36,50,66,84,88
STU0734,Harish,I BSc Maths,60,93,47,61,90
STU0735,Rahul,III BSc Maths,76,55,40,50,76
STU0736,Anitha,III BSc Maths,60,81,41,62,67
STU0737,Harish,I BSc CS,76,36,56,70,97
STU0738,Priya,I BSc CS,66,36,40,95,98
STU0739,Subha,III BSc Maths,46,66,55,98,65
STU0740,Aishwarya,II BSc CS,78,42,42,80,69
STU0741,Kavin,II BSc CS,48,51,97,64,80
STU0742,Lavanya,III BSc Maths,91,59,37,83,82
STU0743,Nandhini,II BSc Maths,67,40,97,91,95
STU0744,Surya,II BSc CS,97,59,58,79,80
STU0745,Nandhini,I BSc CS,70,55,43,54,88
STU0746,Surya,III BSc Maths,81,93,35,99,84
STU0747,Nandhini,II BSc Maths,37,81,65,76,64
STU0748,Aishwarya,II BSc CS,84,59,98,54,99
STU0749,Surya,III BSc Maths,87,76,49,47,93
STU0750,Aishwarya,I BSc Maths,40,51,57,39,72
STU0751,Priya,I BSc CS,59,47,39,84,91
STU0752,Keerthana,II BSc CS,67,41,81,63,98
STU0753,Kavin,I BSc Maths,36,61,97,45,89
STU0754,Ramesh,I BSc Maths,81,88,82,42,99
STU0755,Praveen,II BSc CS,40,44,73,44,73
STU0756,Keerthana,I BSc Maths,47,64,84,59,72
STU0757,Keerthana,II BSc Maths,57,88,48,80,89
STU0758,Kavin,I BSc CS,48,56,58,86,92
STU0759,Ajith,II BSc Maths,91,80,75,76,83
STU0760,Divya,I BSc CS,76,65,62,83,95
STU0761,Mohan,III BSc Maths,81,92,92,85,60
STU0762,Nandhini,I BSc Maths,71,37,52,73,60
STU0763,Surya,II BSc Maths,62,75,37,70,95
STU0764,Keerthana,II BSc CS,54,47,39,93,82
STU0765,Subha,II BSc Maths,68,81,66,64,76
STU0766,Ramesh,III BSc Maths,46,86,62,44,80
STU0767,Ramesh,I BSc CS,57,97,47,73,62
STU0768,Nandhini,II BSc CS,83,45,42,77,82
STU0769,Swathi,I BSc CS,88,50,64,36,100
STU0770,Dinesh,I BSc CS,41,74,40,75,94
STU0771,Meena,II BSc Maths,76,99,63,54,63
STU0772,Aishwarya,I BSc CS,92,99,46,63,87
STU0773,Surya,I BSc CS,53,51,78,45,90
STU0774,Meena,I BSc Maths,86,68,45,86,92
STU0775,Divya,II BSc Maths,52,96,60,97,85
STU0776,Sneha,II BSc CS,60,66,66,44,77
STU0777,Dinesh,I BSc CS,76,46,49,87,87
STU0778,Vijay,III BSc Maths,59,76,79,38,79
STU0779,Karthik,III BSc Maths,91,53,91,40,74
STU0780,Vignesh,III BSc Maths,54,45,49,41,75
STU0781,Kavya,II BSc Maths,71,36,78,49,79
STU0782,Nisha,I BSc CS,37,77,61,62,73
STU0783,Lavanya,II BSc CS,68,96,53,37,84
STU0784,Meena,II BSc CS,40,67,56,42,78
STU0785,Vignesh,II BSc CS,69,41,94,36,64
STU0786,Rahul,III BSc Maths,81,48,37,72,84
STU0787,Harish,I BSc CS,100,47,75,97,98
STU0788,Lavanya,I BSc Maths,58,60,99,93,95
STU0789,Mohan,I BSc Maths,40,66,74,77,91
STU0790,Rahul,II BSc Maths,37,79,80,80,100
STU0791,Surya,II BSc Maths,99,70,42,67,84
STU0792,Swathi,I BSc Maths,70,63,54,78,85
STU0793,Aishwarya,II BSc Maths,46,83,64,88,75
STU0794,Meena,II BSc Maths,89,74,77,92,94
STU0795,Subha,II BSc Maths,52,60,52,74,93
STU0796,Mohan,II BSc Maths,90,53,55,75,64
STU0797,Lavanya,II BSc CS,50,58,75,53,61
STU0798,Dinesh,III BSc Maths,87,87,73,91,100
STU0799,Mohan,III BSc Maths,54,59,48,51,71
STU0800,Arun,II BSc CS,69,64,64,64,61
STU0801,Vijay,I BSc Maths,96,52,99,95,83
STU0802,Karthik,I BSc CS,97,95,52,55,72
STU0803,Harish,I BSc Maths,87,36,69,87,74
STU0804,Nandhini,II BSc Maths,61,43,57,91,99
STU0805,Anitha,III BSc Maths,93,66,89,86,62
STU0806,Kavya,I BSc CS,75,85,39,48,88
STU0807,Nisha,I BSc Maths,66,85,40,84,93
STU0808,Dinesh,I BSc Maths,59,72,91,85,79
STU0809,Dinesh,III BSc Maths,94,56,89,72,99
STU0810,Mohan,I BSc Maths,53,94,92,46,92
STU0811,Priya,II BSc Maths,52,85,87,76,88
STU0812,Arun,II BSc Maths,93,60,93,46,76
STU0813,Ajith,II BSc Maths,50,46,49,92,100
STU0814,Vijay,I BSc Maths,84,100,55,83,95
STU0815,Rahul,I BSc Maths,56,77,54,55,69
STU0816,Karthik,I BSc Maths,88,74,74,92,78
STU0817,Sneha,II BSc Maths,50,51,60,35,99
STU0818,Dinesh,III BSc Maths,36,93,98,98,94
STU0819,Ramesh,I BSc Maths,98,65,62,95,89
STU0820,Divya,I BSc CS,45,35,66,70,99
STU0821,Sneha,II BSc CS,61,41,58,53,63
STU0822,Sneha,III BSc Maths,39,53,39,73,81
STU0823,Mohan,I BSc Maths,41,48,88,57,70
STU0824,Aishwarya,III BSc Maths,57,93,81,39,65
STU0825,Dinesh,III BSc Maths,76,82,83,43,87
STU0826,Sathish,II BSc CS,43,72,95,52,67
STU0827,Kavin,III BSc Maths,77,87,61,61,99
STU0828,Hari,I BSc Maths,46,96,71,89,98
STU0829,Deepa,III BSc Maths,68,80,51,98,93
STU0830,Nandhini,I BSc CS,98,58,64,72,72
STU0831,Arun,I BSc Maths,38,94,50,61,99
STU0832,Divya,I BSc CS,40,77,79,62,60
STU0833,Sneha,II BSc Maths,71,67,43,74,79
STU0834,Keerthana,II BSc CS,76,35,49,77,81
STU0835,Rahul,II BSc CS,38,57,59,77,81
STU0836,Mohan,I BSc CS,95,39,52,96,69
STU0837,Sneha,I BSc CS,77,94,87,42,93
STU0838,Surya,II BSc CS,75,37,61,77,82
STU0839,Sanjay,II BSc Maths,70,38,78,83,100
STU0840,Lavanya,II BSc Maths,84,58,49,74,80
STU0841,Kavin,I BSc Maths,69,87,46,98,75
STU0842,Vijay,I BSc CS,73,62,73,57,67
STU0843,Vijay,I BSc Maths,60,46,91,99,61
STU0844,Ramesh,I BSc CS,99,54,59,78,90
STU0845,Nandhini,II BSc CS,74,76,53,47,93
STU0846,Aishwarya,II BSc Maths,61,39,93,84,93
STU0847,Priya,I BSc Maths,74,40,46,77,89
STU0848,Swathi,I BSc Maths,48,74,37,74,100
STU0849,Swathi,II BSc Maths,76,60,59,71,77
STU0850,Lavanya,III BSc Maths,91,50,69,54,70
STU0851,Praveen,I BSc Maths,36,100,48,61,94
STU0852,Vijay,II BSc CS,75,69,53,71,96
STU0853,Harish,II BSc Maths,44,74,78,91,63
STU0854,Subha,I BSc Maths,95,41,48,84,63
STU0855,Sanjay,I BSc CS,85,57,92,80,79
STU0856,Ajith,II BSc Maths,45,94,51,46,89
STU0857,Priya,I BSc CS,74,94,95,64,74
STU0858,Subha,II BSc CS,68,81,85,58,81
STU0859,Ramesh,III BSc Maths,93,97,38,43,90
STU0860,Priya,III BSc Maths,96,94,56,71,82
STU0861,Kavya,II BSc CS,51,100,48,86,66
STU0862,Ajith,II BSc CS,44,73,94,86,97
STU0863,Divya,II BSc Maths,66,55,96,84,64
STU0864,Ajith,II BSc Maths,90,90,78,65,71
STU0865,Aishwarya,I BSc Maths,97,49,94,76,95
STU0866,Priya,I BSc CS,57,74,86,43,98
STU0867,Priya,II BSc CS,83,76,98,42,65
STU0868,Vignesh,II BSc Maths,35,53,54,92,94
STU0869,Surya,I BSc CS,92,60,61,75,79
STU0870,Meena,III BSc Maths,90,79,46,36,99
STU0871,Keerthana,I BSc CS,51,72,42,82,95
STU0872,Hari,I BSc Maths,80,49,71,38,75
STU0873,Divya,II BSc CS,85,75,83,86,84
STU0874,Divya,II BSc CS,62,57,95,52,72
STU0875,Lavanya,I BSc CS,81,88,54,71,68
STU0876,Subha,I BSc Maths,44,37,53,97,87
STU0877,Subha,I BSc Maths,52,88,93,89,99
STU0878,Karthik,I BSc CS,100,89,92,84,82
STU0879,Harish,II BSc Maths,89,35,98,65,92
STU0880,Praveen,I BSc CS,81,39,39,96,83
STU0881,Priya,II BSc CS,96,45,53,70,89
STU0882,Keerthana,I BSc Maths,46,66,95,44,100
STU0883,Lavanya,II BSc CS,74,41,78,36,90
STU0884,Nisha,II BSc CS,95,77,88,80,78
STU0885,Surya,II BSc Maths,39,73,68,42,100
STU0886,Anitha,II BSc CS,56,41,72,38,78
STU0887,Anitha,I BSc Maths,51,99,44,70,76
STU0888,Subha,II BSc CS,70,70,67,36,67
STU0889,Kavya,II BSc Maths,54,92,82,57,76
STU0890,Ramesh,II BSc Maths,97,58,39,78,65
STU0891,Subha,II BSc CS,54,98,87,84,75
STU0892,Aishwarya,I BSc CS,56,61,79,41,76
STU0893,Dinesh,I BSc Maths,41,56,94,86,90
STU0894,Surya,I BSc CS,64,83,84,95,76
STU0895,Subha,II BSc CS,90,36,71,92,84
STU0896,Aishwarya,III BSc Maths,40,47,80,90,99
STU0897,Mohan,III BSc Maths,77,69,69,47,76
STU0898,Sneha,II BSc CS,85,94,65,59,93
STU0899,Ajith,II BSc Maths,75,36,36,43,60
STU0900,Divya,I BSc Maths,48,92,79,63,78
STU0901,Praveen,II BSc Maths,39,38,46,42,98
STU0902,Aishwarya,II BSc Maths,50,50,46,51,84
STU0903,Aishwarya,II BSc CS,58,49,58,67,78
STU0904,Nisha,I BSc Maths,93,70,89,76,76
STU0905,Karthik,I BSc Maths,70,42,83,84,81
STU0906,Hari,III BSc Maths,68,57,91,43,91
STU0907,Mohan,II BSc Maths,85,57,97,48,69
STU0908,Lavanya,I BSc CS,62,48,91,68,66
STU0909,Hari,I BSc Maths,44,67,92,37,91
STU0910,Subha,I BSc Maths,39,84,69,54,81
STU0911,Swathi,I BSc CS,35,100,97,96,87
STU0912,Rahul,I BSc Maths,63,35,84,96,67
STU0913,Meena,II BSc CS,80,77,73,86,63
STU0914,Sneha,I BSc Maths,81,78,45,93,78
STU0915,Sneha,II BSc Maths,57,40,84,59,79
STU0916,Kavin,I BSc CS,48,80,97,45,100
STU0917,Nisha,II BSc Maths,52,39,59,38,97
STU0918,Harish,I BSc CS,84,43,74,98,94
STU0919,Sathish,I BSc CS,37,39,78,42,81
STU0920,Ramesh,I BSc Maths,86,50,62,93,94
STU0921,Subha,II BSc CS,64,44,39,53,91
STU0922,Sneha,I BSc Maths,95,40,66,51,60
STU0923,Karthik,I BSc Maths,74,47,93,56,97
STU0924,Sanjay,I BSc Maths,49,98,63,43,72
STU0925,Divya,III BSc Maths,86,76,50,52,80
STU0926,Sathish,II BSc Maths,40,57,77,43,67
STU0927,Praveen,II BSc Maths,88,56,82,56,88
STU0928,Harish,II BSc CS,40,52,47,83,70
STU0929,Arun,I BSc CS,45,35,35,57,65
STU0930,Kavin,II BSc CS,71,88,95,51,73
STU0931,Subha,III BSc Maths,92,87,65,57,99
STU0932,Kavin,I BSc Maths,58,98,46,73,82
STU0933,Divya,I BSc Maths,65,59,50,47,99
STU0934,Vijay,II BSc CS,99,63,94,61,77
STU0935,Hari,II BSc Maths,49,54,95,98,71
STU0936,Karthik,I BSc Maths,41,81,71,61,87
STU0937,Praveen,III BSc Maths,93,40,48,41,94
STU0938,Karthik,II BSc Maths,38,97,100,49,64
STU0939,Swathi,II BSc Maths,91,76,88,60,80
STU0940,Harish,I BSc Maths,76,64,47,65,86
STU0941,Deepa,II BSc Maths,83,63,44,95,97
STU0942,Anitha,I BSc Maths,90,53,62,93,71
STU0943,Rahul,III BSc Maths,52,93,59,80,77
STU0944,Vignesh,III BSc Maths,51,39,42,70,68
STU0945,Priya,I BSc CS,93,88,56,78,74
STU0946,Swathi,III BSc Maths,55,56,64,46,86
STU0947,Deepa,II BSc CS,97,62,95,94,77
STU0948,Arun,I BSc CS,66,66,76,90,97
STU0949,Harish,II BSc CS,54,35,88,40,62
STU0950,Anitha,II BSc CS,39,89,85,96,66
STU0951,Nisha,I BSc CS,65,45,36,87,73
STU0952,Subha,III BSc Maths,72,65,46,37,90
STU0953,Aishwarya,III BSc Maths,55,93,38,93,89
STU0954,Dinesh,II BSc Maths,86,58,82,94,100
STU0955,Arun,I BSc Maths,84,77,39,72,87
STU0956,Dinesh,III BSc Maths,61,45,77,42,92
STU0957,Mohan,III BSc Maths,41,49,84,81,89
STU0958,Kavya,I BSc Maths,81,81,57,43,95
STU0959,Kavin,II BSc Maths,52,77,65,49,90
STU0960,Nandhini,II BSc CS,61,63,76,80,77
STU0961,Keerthana,I BSc CS,70,41,43,82,82
STU0962,Nisha,I BSc CS,99,50,95,72,88
STU0963,Kavya,III BSc Maths,43,59,93,46,65
STU0964,Rahul,II BSc Maths,71,44,48,56,77
STU0965,Priya,II BSc Maths,98,54,61,37,78
STU0966,Divya,II BSc CS,51,95,79,88,88
STU0967,Nandhini,I BSc Maths,72,59,43,37,74
STU0968,Sathish,II BSc CS,77,87,78,76,91
STU0969,Meena,II BSc CS,91,93,73,51,79
STU0970,Karthik,III BSc Maths,64,96,82,71,63
STU0971,Subha,III BSc Maths,71,93,56,55,94
STU0972,Surya,II BSc Maths,57,54,55,65,67
STU0973,Hari,III BSc Maths,51,91,68,82,71
STU0974,Vignesh,II BSc CS,39,75,79,53,83
STU0975,Nisha,II BSc CS,55,73,50,38,85
STU0976,Mohan,I BSc CS,53,93,75,54,60
STU0977,Nandhini,II BSc CS,99,77,72,95,78
STU0978,Dinesh,II BSc CS,53,91,78,49,90
STU0979,Swathi,I BSc Maths,52,49,74,38,85
STU0980,Kavya,II BSc Maths,92,80,46,76,63
STU0981,Kavya,II BSc Maths,63,70,60,37,65
STU0982,Lavanya,I BSc CS,46,100,85,59,91
STU0983,Ajith,II BSc CS,100,42,81,85,69
STU0984,Kavin,I BSc CS,82,84,82,36,78
STU0985,Vijay,III BSc Maths,74,92,46,62,88
STU0986,Nandhini,I BSc CS,91,71,55,89,86
STU0987,Subha,II BSc CS,46,53,61,73,90
STU0988,Deepa,II BSc CS,77,43,83,46,60
STU0989,Divya,III BSc Maths,88,57,94,52,72
STU0990,Karthik,I BSc CS,72,97,40,73,97
STU0991,Surya,I BSc CS,94,63,38,35,69
STU0992,Praveen,III BSc Maths,95,50,71,88,71
STU0993,Anitha,II BSc Maths,38,50,70,98,64
STU0994,Kavya,III BSc Maths,96,90,68,95,67
STU0995,Vijay,II BSc CS,37,68,55,42,69
STU0996,Ajith,I BSc CS,52,80,55,41,77
STU0997,Vijay,I BSc CS,80,41,72,72,93
STU0998,Sneha,I BSc Maths,100,59,58,47,98
STU0999,Dinesh,II BSc Maths,76,75,73,69,83
STU1000,Priya,II BSc CS,80,53,36,52,93
